{"cameraMode":{"drawMode":0,"name":"Shaded","section":"Shading Mode"},"sceneLighting":false,"audioPlay":false,"sceneViewState":{"m_AlwaysRefresh":true,"showFog":false,"showSkybox":false,"showFlares":true,"showImageEffects":true,"showParticleSystems":true,"showVisualEffectGraphs":true,"m_FxEnabled":true},"in2DMode":false,"pivot":{"x":3.523693799972534,"y":2.3858838081359865,"z":-3.903597831726074},"rotation":{"x":0.03268471732735634,"y":-0.0009023478487506509,"z":-0.000029641230867127888,"w":-0.9994669556617737},"size":1.0184316635131837,"orthographic":false}